Date,Name,Year,Letterboxd URI
2022-08-18,1917,2019,https://boxd.it/jj4y
2022-08-18,The Lighthouse,2019,https://boxd.it/icFU
2022-08-18,Good Boys,2019,https://boxd.it/iW1G
2022-08-18,Zombieland,2009,https://boxd.it/1En6
2022-08-18,The Witch,2015,https://boxd.it/9X0m
2022-08-18,Zombieland: Double Tap,2019,https://boxd.it/bgb6
2022-08-18,The Irishman,2019,https://boxd.it/dYOq
2022-08-18,Searching,2018,https://boxd.it/hDPg
2022-08-18,Casino Royale,2006,https://boxd.it/1alk
2022-08-18,Skyfall,2012,https://boxd.it/17Fc
2022-08-18,Good Time,2017,https://boxd.it/fcFu
2022-08-18,American Psycho,2000,https://boxd.it/28Vs
2022-08-18,The Machinist,2004,https://boxd.it/248c
2022-08-18,Limitless,2011,https://boxd.it/Aly
2022-08-18,Her,2013,https://boxd.it/4O24
2022-08-18,The Spectacular Now,2013,https://boxd.it/4VSG
2022-08-18,Dunkirk,2017,https://boxd.it/d0Y6
2022-08-18,Gladiator,2000,https://boxd.it/2b9m
2022-08-18,Jojo Rabbit,2019,https://boxd.it/iEBG
2022-08-18,A Star Is Born,2018,https://boxd.it/aXgc
2022-08-18,Booksmart,2019,https://boxd.it/igNS
2022-08-18,Ride Along,2014,https://boxd.it/5dqA
2022-08-18,End of Watch,2012,https://boxd.it/2F5O
2022-08-18,Doctor Sleep,2019,https://boxd.it/i5vI
2022-08-18,The Matrix,1999,https://boxd.it/2a1m
2022-08-18,Reservoir Dogs,1992,https://boxd.it/2agc
2022-08-18,The Hateful Eight,2015,https://boxd.it/8gw8
2022-08-18,Jackie Brown,1997,https://boxd.it/2aVO
2022-08-18,Blade Runner 2049,2017,https://boxd.it/b8wK
2022-08-18,Memento,2000,https://boxd.it/2bcK
2022-09-11,Training Day,2001,https://boxd.it/27A4
2022-09-11,Birdman or (The Unexpected Virtue of Ignorance),2014,https://boxd.it/5RFA
2022-09-11,The Dark Knight Rises,2012,https://boxd.it/H3m
2022-09-11,Fight Club,1999,https://boxd.it/2a9q
2022-09-11,Joker,2019,https://boxd.it/h4cS
2022-09-11,Parasite,2019,https://boxd.it/hTha
2022-09-11,Spider-Man: Into the Spider-Verse,2018,https://boxd.it/azpY
2022-09-11,Whiplash,2014,https://boxd.it/7bQA
2022-09-11,Nightcrawler,2014,https://boxd.it/780m
2022-09-11,Green Book,2018,https://boxd.it/hErk
2022-09-11,Straight Outta Compton,2015,https://boxd.it/8rMc
2022-09-11,Star Wars: Episode III – Revenge of the Sith,2005,https://boxd.it/27US
2022-09-11,Saving Private Ryan,1998,https://boxd.it/29ro
2022-09-11,Spider-Man: No Way Home,2021,https://boxd.it/nwRw
2022-09-11,The Dark Knight,2008,https://boxd.it/2b0k
2022-09-11,The Departed,2006,https://boxd.it/28MA
2022-09-11,Us,2019,https://boxd.it/gnV6
2022-09-11,Pulp Fiction,1994,https://boxd.it/29Pq
2022-09-11,Django Unchained,2012,https://boxd.it/2cCk
2022-09-11,Se7en,1995,https://boxd.it/29zs
2022-09-11,The Wolf of Wall Street,2013,https://boxd.it/3C1m
2022-09-11,The Batman,2022,https://boxd.it/eDGs
2022-09-11,mid90s,2018,https://boxd.it/fxIa
2022-09-11,Marriage Story,2019,https://boxd.it/hJAw
2022-09-11,Once Upon a Time... in Hollywood,2019,https://boxd.it/gH0O
2022-09-11,Kill Bill: Vol. 1,2003,https://boxd.it/70w
2022-09-11,Red Dragon,2002,https://boxd.it/1Yrs
2022-09-11,Hot Fuzz,2007,https://boxd.it/2416
2022-09-11,King Richard,2021,https://boxd.it/mJZ2
2022-09-11,The Silence of the Lambs,1991,https://boxd.it/2aHW
2022-09-11,Spider-Man 2,2004,https://boxd.it/2a88
2022-09-11,Get Out,2017,https://boxd.it/eOCm
2022-09-11,Scarface,1983,https://boxd.it/2b7g
2022-09-11,Locke,2013,https://boxd.it/6hHC
2022-09-11,Thor: Ragnarok,2017,https://boxd.it/8MHi
2022-09-11,Avengers: Infinity War,2018,https://boxd.it/9vEe
2022-09-11,Shaun of the Dead,2004,https://boxd.it/29J8
2022-09-11,The Thing,1982,https://boxd.it/294O
2022-09-11,Big Time Adolescence,2019,https://boxd.it/jFke
2022-09-11,Avengers: Endgame,2019,https://boxd.it/9vE4
2022-09-11,American History X,1998,https://boxd.it/2bdo
2022-09-11,The Pursuit of Happyness,2006,https://boxd.it/28PE
2022-09-11,Lady Bird,2017,https://boxd.it/dGNE
2022-09-11,Vivarium,2019,https://boxd.it/gmVE
2022-09-11,Hereditary,2018,https://boxd.it/hNVe
2022-09-11,The Art of Self-Defense,2019,https://boxd.it/hf5y
2022-09-11,Beasts of No Nation,2015,https://boxd.it/8Lp8
2022-09-11,Train to Busan,2016,https://boxd.it/dSQU
2022-09-11,Coraline,2009,https://boxd.it/1NhQ
2022-09-11,Chef,2014,https://boxd.it/6lCG
2022-09-11,Hunt for the Wilderpeople,2016,https://boxd.it/cTgG
2022-09-11,The Platform,2019,https://boxd.it/mUm6
2022-09-11,Uncut Gems,2019,https://boxd.it/gXGc
2022-09-11,The Northman,2022,https://boxd.it/nK2s
2022-09-11,Fruitvale Station,2013,https://boxd.it/4VRy
2022-09-11,Doctor Strange,2016,https://boxd.it/8MH8
2022-09-11,Fury,2014,https://boxd.it/6JwC
2022-09-11,War Dogs,2016,https://boxd.it/9SlO
2022-09-11,Yesterday,2019,https://boxd.it/iF7M
2022-09-11,Super Dark Times,2017,https://boxd.it/dTle
2022-09-11,Vacation,2015,https://boxd.it/9n9M
2022-09-11,Spider-Man,2002,https://boxd.it/2a8i
2022-09-11,Creed,2015,https://boxd.it/a2qk
2022-09-11,Split,2016,https://boxd.it/dgSy
2022-09-11,Signs,2002,https://boxd.it/26t2
2022-09-11,Spider-Man: Homecoming,2017,https://boxd.it/aboM
2022-09-11,Top Gun: Maverick,2022,https://boxd.it/cjr4
2022-09-11,Inception,2010,https://boxd.it/1skk
2022-09-11,The Godfather,1972,https://boxd.it/2aNK
2022-09-11,Batman Begins,2005,https://boxd.it/2aIg
2022-09-11,The Nice Guys,2016,https://boxd.it/94Hg
2022-09-11,Ocean's Eleven,2001,https://boxd.it/2aZm
2022-09-11,The Empire Strikes Back,1980,https://boxd.it/27Vw
2022-09-11,The Truman Show,1998,https://boxd.it/18U8
2022-09-11,The Humans,2021,https://boxd.it/lEQM
2022-09-11,Inglourious Basterds,2009,https://boxd.it/1JzG
2022-09-11,Kill Bill: Vol. 2,2004,https://boxd.it/2au4
2022-09-11,Borat Subsequent Moviefilm: Delivery of Prodigious Bribe to American Regime for Make Benefit Once Glorious Nation of Kazakhstan,2020,https://boxd.it/rNS0
2022-09-11,Boyz n the Hood,1991,https://boxd.it/29Ug
2022-09-11,Nine Days,2020,https://boxd.it/mqL6
2022-09-11,The King of Staten Island,2020,https://boxd.it/litG
2022-09-11,Horrible Bosses,2011,https://boxd.it/Ba2
2022-09-11,8 Mile,2002,https://boxd.it/2bew
2022-09-11,Star Wars,1977,https://boxd.it/72s
2022-09-11,Return of the Jedi,1983,https://boxd.it/27Vm
2022-09-11,The Shining,1980,https://boxd.it/29Nu
2022-09-11,The Social Dilemma,2020,https://boxd.it/opQI
2022-09-11,Candyman,2021,https://boxd.it/kHFg
2022-09-11,Iron Man,2008,https://boxd.it/28dA
2022-09-11,The Social Network,2010,https://boxd.it/17ue
2022-09-11,Boiling Point,2021,https://boxd.it/uo2u
2022-09-11,The Guilty,2021,https://boxd.it/kOPW
2022-09-11,Hustle,2022,https://boxd.it/qpig
2022-09-11,The Exorcist,1973,https://boxd.it/1Yoo
2022-09-11,Fantastic Mr. Fox,2009,https://boxd.it/1WyQ
2022-09-11,Snatch,2000,https://boxd.it/2b7U
2022-09-11,Good Will Hunting,1997,https://boxd.it/2ahY
2022-09-11,The Gentlemen,2019,https://boxd.it/iYBQ
2022-09-11,A Quiet Place Part II,2020,https://boxd.it/iTx0
2022-09-11,The Revenant,2015,https://boxd.it/8H5e
2022-09-11,Sound of Metal,2019,https://boxd.it/i7Q4
2022-09-11,Queen & Slim,2019,https://boxd.it/jy4y
2022-09-11,Spider-Man 3,2007,https://boxd.it/2a7Y
2022-09-11,Cherry,2021,https://boxd.it/jRhm
2022-09-11,Manchester by the Sea,2016,https://boxd.it/b2L0
2022-09-11,The Father,2020,https://boxd.it/m8Ie
2022-09-11,Star Wars: Episode I – The Phantom Menace,1999,https://boxd.it/27Vc
2022-09-11,Coco,2017,https://boxd.it/bYJQ
2022-09-11,Captain America: The Winter Soldier,2014,https://boxd.it/3r58
2022-09-11,Alien,1979,https://boxd.it/2awY
2022-09-11,Seaspiracy,2021,https://boxd.it/u9rE
2022-09-11,Fargo,1996,https://boxd.it/2aHM
2022-09-11,The Suicide Squad,2021,https://boxd.it/fw6O
2022-09-11,28 Weeks Later,2007,https://boxd.it/28Bi
2022-09-11,World War Z,2013,https://boxd.it/2p2E
2022-09-11,The Gift,2015,https://boxd.it/aJMy
2022-09-11,Sorry to Bother You,2018,https://boxd.it/f21E
2022-09-11,Soul,2020,https://boxd.it/ioLA
2022-09-11,Shazam!,2019,https://boxd.it/8WBu
2022-09-11,28 Days Later,2002,https://boxd.it/2aXU
2022-09-11,Tropic Thunder,2008,https://boxd.it/20WM
2022-09-11,Harry Potter and the Deathly Hallows: Part 2,2011,https://boxd.it/1RYk
2022-09-11,We're the Millers,2013,https://boxd.it/4srQ
2022-09-11,American Son,2019,https://boxd.it/n3wk
2022-09-11,Bleed for This,2016,https://boxd.it/aYi4
2022-09-11,The Interview,1998,https://boxd.it/1Ers
2022-09-11,WALL·E,2008,https://boxd.it/1VEo
2022-09-11,King Kong,2005,https://boxd.it/2aLa
2022-09-11,Awake,2021,https://boxd.it/mLaA
2022-09-11,Burn After Reading,2008,https://boxd.it/23BW
2022-09-11,Detroit,2017,https://boxd.it/el3C
2022-09-11,Moonlight,2016,https://boxd.it/d6bE
2022-09-11,War for the Planet of the Apes,2017,https://boxd.it/8FE2
2022-09-11,The Woman in the Window,2021,https://boxd.it/iT56
2022-09-11,22 Jump Street,2014,https://boxd.it/5Fvy
2022-09-11,Captain America: Civil War,2016,https://boxd.it/89Ja
2022-09-11,Nope,2022,https://boxd.it/sDCe
2022-09-11,Captain America: The First Avenger,2011,https://boxd.it/28b0
2022-09-11,His House,2020,https://boxd.it/l8Qq
2022-09-11,The Blair Witch Project,1999,https://boxd.it/26ua
2022-09-11,Trainspotting,1996,https://boxd.it/29XY
2022-09-11,Freedom Writers,2007,https://boxd.it/28p2
2022-09-11,Pet Sematary,2019,https://boxd.it/4W0q
2022-09-11,Horrible Bosses 2,2014,https://boxd.it/6HWy
2022-09-11,Little Monsters,2019,https://boxd.it/iarm
2022-09-11,Everything Everywhere All at Once,2022,https://boxd.it/jUk4
2022-09-11,Rogue One: A Star Wars Story,2016,https://boxd.it/aPvy
2022-09-11,Tag,2018,https://boxd.it/gh7Y
2022-09-11,Creed II,2018,https://boxd.it/hgl8
2022-09-11,Minari,2020,https://boxd.it/mL9M
2022-09-11,Deadpool 2,2018,https://boxd.it/dlLM
2022-09-11,The Breakfast Club,1985,https://boxd.it/27q4
2022-09-11,Game Night,2018,https://boxd.it/fRtu
2022-09-11,Papillon,1973,https://boxd.it/22kK
2022-09-11,Mass,2021,https://boxd.it/eYAA
2022-09-11,Monsters University,2013,https://boxd.it/bQm
2022-09-11,Saw,2004,https://boxd.it/2aWW
2022-09-11,Pineapple Express,2008,https://boxd.it/1WRS
2022-09-11,The Babadook,2014,https://boxd.it/77xu
2022-09-11,Windfall,2022,https://boxd.it/w4Zg
2022-09-11,True Romance,1993,https://boxd.it/2aBa
2022-09-11,Fractured,2019,https://boxd.it/kPL2
2022-09-11,We Need to Talk About Kevin,2011,https://boxd.it/2pTS
2022-09-11,Don't Look Up,2021,https://boxd.it/o0Hc
2022-09-11,Judas and the Black Messiah,2021,https://boxd.it/lsew
2022-09-11,Cast Away,2000,https://boxd.it/20i8
2022-09-11,Crank,2006,https://boxd.it/27MY
2022-09-11,Luce,2019,https://boxd.it/hKuu
2022-09-11,Bruised,2020,https://boxd.it/qURQ
2022-09-11,Blood Diamond,2006,https://boxd.it/28Tm
2022-09-11,The Secret Life of Walter Mitty,2013,https://boxd.it/3SWy
2022-09-11,Léon: The Professional,1994,https://boxd.it/2b8S
2022-09-11,La La Land,2016,https://boxd.it/a5fa
2022-09-11,Call Me by Your Name,2017,https://boxd.it/dYmm
2022-09-11,Spiral: From the Book of Saw,2021,https://boxd.it/meXk
2022-09-11,Jarhead,2005,https://boxd.it/70m
2022-09-11,Four Lions,2010,https://boxd.it/18do
2022-09-11,Source Code,2011,https://boxd.it/fdo
2022-09-11,Ford v Ferrari,2019,https://boxd.it/ce74
2022-09-11,No Time to Die,2021,https://boxd.it/cPX2
2022-09-11,The Pianist,2002,https://boxd.it/2aqc
2022-09-11,Life of Pi,2012,https://boxd.it/37pC
2022-09-11,Nomadland,2020,https://boxd.it/lnRy
2022-09-11,Ocean's Twelve,2004,https://boxd.it/2aZ2
2022-09-11,10 Cloverfield Lane,2016,https://boxd.it/aZiu
2022-09-11,The Lost Daughter,2021,https://boxd.it/kgww
2022-09-11,It Comes at Night,2017,https://boxd.it/eLuk
2022-09-11,Fatherhood,2021,https://boxd.it/mq4w
2022-09-11,Project X,2012,https://boxd.it/neO
2022-09-11,Palm Springs,2020,https://boxd.it/lCXQ
2022-09-11,Run,2020,https://boxd.it/jVM4
2022-09-11,Ratatouille,2007,https://boxd.it/27ww
2022-09-11,Circle,2015,https://boxd.it/b5So
2022-09-11,The Perks of Being a Wallflower,2012,https://boxd.it/2ZA8
2022-09-11,Bohemian Rhapsody,2018,https://boxd.it/f1TK
2022-09-11,Pirates of the Caribbean: Dead Man's Chest,2006,https://boxd.it/2bfk
2022-09-11,The Rescue,2021,https://boxd.it/pmto
2022-09-11,Warrior,2011,https://boxd.it/i3G
2022-09-11,Moneyball,2011,https://boxd.it/glS
2022-09-11,Taxi Driver,1976,https://boxd.it/2b8y
2022-09-11,Spencer,2021,https://boxd.it/qPMG
2022-09-11,Prey,2022,https://boxd.it/sNBU
2022-09-11,Thor: Love and Thunder,2022,https://boxd.it/mMAY
2022-09-11,Da 5 Bloods,2020,https://boxd.it/lnXw
2022-09-11,People Just Do Nothing: Big in Japan,2021,https://boxd.it/pzfO
2022-09-11,Why Him?,2016,https://boxd.it/c3Wq
2022-09-11,Chronicle,2012,https://boxd.it/2Emk
2022-09-11,Spree,2020,https://boxd.it/oiiO
2022-09-11,The Fighter,2010,https://boxd.it/PP4
2022-09-11,Brightburn,2019,https://boxd.it/jk58
2022-09-11,Wind River,2017,https://boxd.it/dR3i
2022-09-11,This Is the End,2013,https://boxd.it/3GB4
2022-09-11,Aliens,1986,https://boxd.it/29PA
2022-09-11,Insidious,2010,https://boxd.it/H4k
2022-09-11,127 Hours,2010,https://boxd.it/SLa
2022-09-11,Knives Out,2019,https://boxd.it/jWEA
2022-09-11,I Am Legend,2007,https://boxd.it/21DG
2022-09-11,The Farewell,2019,https://boxd.it/kIky
2022-09-11,The Amazing Spider-Man,2012,https://boxd.it/27PI
2022-09-11,In Time,2011,https://boxd.it/FPS
2022-09-11,Southpaw,2015,https://boxd.it/9Phu
2022-09-11,Louis C.K. 2017,2017,https://boxd.it/g10W
2022-09-11,7 Prisoners,2021,https://boxd.it/txOU
2022-09-11,The Invitation,2015,https://boxd.it/9OUU
2022-09-11,Meet the Parents,2000,https://boxd.it/28vE
2022-09-11,Spider-Man: Far From Home,2019,https://boxd.it/fegG
2022-09-11,The Invisible Man,2020,https://boxd.it/kWlA
2022-09-11,Up,2009,https://boxd.it/1OEc
2022-09-11,Dog,2022,https://boxd.it/nd4K
2022-09-11,Panic Room,2002,https://boxd.it/2490
2022-09-11,Scott Pilgrim vs. the World,2010,https://boxd.it/1Aq6
2022-09-11,Seoul Station,2016,https://boxd.it/dBYs
2022-09-11,Instant Family,2018,https://boxd.it/hHpQ
2022-09-11,Iron Man 3,2013,https://boxd.it/2cBQ
2022-09-11,Blades of Glory,2007,https://boxd.it/1Xrm
2022-09-11,The Lord of the Rings: The Two Towers,2002,https://boxd.it/2b5E
2022-09-11,The Wolverine,2013,https://boxd.it/2CWU
2022-09-11,99 Homes,2014,https://boxd.it/8KuG
2022-09-11,The Call,2013,https://boxd.it/4Xgu
2022-09-11,Flushed Away,2006,https://boxd.it/1Tpm
2022-09-11,Seven Pounds,2008,https://boxd.it/1U8w
2022-09-11,Mr. & Mrs. Smith,2005,https://boxd.it/29CG
2022-09-11,The Green Mile,1999,https://boxd.it/2agG
2022-09-11,Eighth Grade,2018,https://boxd.it/hDMG
2022-09-11,21 Jump Street,2012,https://boxd.it/J0
2022-09-11,Greenland,2020,https://boxd.it/j1Um
2022-09-11,The Iron Giant,1999,https://boxd.it/1Wow
2022-09-11,The Big Lebowski,1998,https://boxd.it/2b6C
2022-09-11,Zodiac,2007,https://boxd.it/27MO
2022-09-11,Sinister,2012,https://boxd.it/2TnW
2022-09-11,Boyhood,2014,https://boxd.it/3178
2022-09-11,Due Date,2010,https://boxd.it/YFs
2022-09-11,The World's End,2013,https://boxd.it/3EiO
2022-09-11,Iron Man 2,2010,https://boxd.it/1WZM
2022-09-11,Gold,2022,https://boxd.it/sAuG
2022-09-11,Dawn of the Dead,1978,https://boxd.it/29gU
2022-09-11,Tucker and Dale vs. Evil,2010,https://boxd.it/Mce
2022-09-11,From Dusk Till Dawn,1996,https://boxd.it/29HQ
2022-09-11,The Thing,2011,https://boxd.it/eS6
2022-09-11,The Wall,2017,https://boxd.it/eh1s
2022-09-11,Attack the Block,2011,https://boxd.it/hFO
2022-09-11,Silver Linings Playbook,2012,https://boxd.it/2TTo
2022-09-11,The Fundamentals of Caring,2016,https://boxd.it/aiai
2022-09-11,A Prayer Before Dawn,2017,https://boxd.it/fZ9i
2022-09-11,"Planes, Trains and Automobiles",1987,https://boxd.it/26zE
2022-09-11,The Peanut Butter Falcon,2019,https://boxd.it/gzu2
2022-09-11,Donnie Darko,2001,https://boxd.it/2b2A
2022-09-11,Casino,1995,https://boxd.it/2ads
2022-09-11,Unbroken,2014,https://boxd.it/6IaA
2022-09-11,Paranormal Activity,2007,https://boxd.it/1yIM
2022-09-11,Captain Phillips,2013,https://boxd.it/3GPK
2022-09-11,Extraction,2020,https://boxd.it/jUjA
2022-09-11,Star Wars: Episode II – Attack of the Clones,2002,https://boxd.it/27V2
2022-09-11,Battle Royale,2000,https://boxd.it/25zS
2022-09-11,Disturbia,2007,https://boxd.it/20rk
2022-09-11,Spectre,2015,https://boxd.it/6bXY
2022-09-11,Swan Song,2021,https://boxd.it/sL7S
2022-09-11,School of Rock,2003,https://boxd.it/28xK
2022-09-11,Life,2017,https://boxd.it/dRqG
2022-09-11,Paterson,2016,https://boxd.it/cRk2
2022-09-11,Meet the Fockers,2004,https://boxd.it/29NE
2022-09-11,Donnie Brasco,1997,https://boxd.it/1YRA
2022-09-11,Lake Mungo,2008,https://boxd.it/1rWM
2022-09-11,Avengers: Age of Ultron,2015,https://boxd.it/3qi6
2022-09-11,The Night House,2020,https://boxd.it/jZze
2022-09-11,Peninsula,2020,https://boxd.it/lnrU
2022-09-11,Devil,2010,https://boxd.it/SX6
2022-09-11,Under the Silver Lake,2018,https://boxd.it/dSAs
2022-09-11,Calibre,2018,https://boxd.it/h0ru
2022-09-11,The Boy Behind the Door,2020,https://boxd.it/rPHI
2022-09-11,Dolemite Is My Name,2019,https://boxd.it/je6E
2022-09-11,Contagion,2011,https://boxd.it/13rq
2022-09-11,Paul,2011,https://boxd.it/13uE
2022-09-11,Old,2021,https://boxd.it/npKI
2022-09-11,[REC],2007,https://boxd.it/20ma
2022-09-11,"I, Robot",2004,https://boxd.it/27y8
2022-09-11,#Alive,2020,https://boxd.it/mJl2
2022-09-11,Michael Inside,2017,https://boxd.it/hkky
2022-09-11,A Nightmare on Elm Street,1984,https://boxd.it/2aw0
2022-09-11,El Camino: A Breaking Bad Movie,2019,https://boxd.it/kv0q
2022-09-11,The Simpsons Movie,2007,https://boxd.it/6YU
2022-09-11,Baby Driver,2017,https://boxd.it/bhF2
2022-09-11,Kidulthood,2006,https://boxd.it/1QDK
2022-09-11,Enemy,2013,https://boxd.it/5xtO
2022-09-11,Billie Eilish: The World's a Little Blurry,2021,https://boxd.it/olni
2022-09-11,Rocky,1976,https://boxd.it/28Uk
2022-09-11,Lion,2016,https://boxd.it/b2La
2022-09-11,The Lord of the Rings: The Return of the King,2003,https://boxd.it/2b5u
2022-09-11,Just Mercy,2019,https://boxd.it/iXj2
2022-09-11,Doctor Strange in the Multiverse of Madness,2022,https://boxd.it/gaTc
2022-09-11,Everest,2015,https://boxd.it/7r7Q
2022-09-11,Sinister 2,2015,https://boxd.it/8L58
2022-09-11,Man on Fire,2004,https://boxd.it/1Yvk
2022-09-11,The Power of the Dog,2021,https://boxd.it/m99E
2022-09-11,Halloween,1978,https://boxd.it/2wRu
2022-09-11,Predator,1987,https://boxd.it/2b84
2022-09-11,Life in a Year,2020,https://boxd.it/fVNS
2022-09-11,Ode to Joy,2019,https://boxd.it/i7Kq
2022-09-11,I See You,2019,https://boxd.it/j2CS
2022-09-11,Await Further Instructions,2018,https://boxd.it/ifti
2022-09-11,A Beautiful Day in the Neighborhood,2019,https://boxd.it/i7vA
2022-09-11,Twelve Monkeys,1995,https://boxd.it/2beQ
2022-09-11,Project Power,2020,https://boxd.it/ml8S
2022-09-11,Venom,2018,https://boxd.it/b8wA
2022-09-11,Ocean's Thirteen,2007,https://boxd.it/2aEy
2022-09-11,The Conjuring,2013,https://boxd.it/4sr2
2022-09-11,The Dictator,2012,https://boxd.it/2DEW
2022-09-11,Furious 7,2015,https://boxd.it/5cVs
2022-09-11,Harry Potter and the Deathly Hallows: Part 1,2010,https://boxd.it/1RYu
2022-09-11,Pirates of the Caribbean: The Curse of the Black Pearl,2003,https://boxd.it/70G
2022-09-11,Army of the Dead,2021,https://boxd.it/ic7S
2022-09-11,Rush Hour,1998,https://boxd.it/27pU
2022-09-11,The Grey,2011,https://boxd.it/2xZE
2022-09-11,Home Alone,1990,https://boxd.it/29Fg
2022-09-11,The Package,2018,https://boxd.it/ibD4
2022-09-11,Cemetery Junction,2010,https://boxd.it/19MY
2022-09-11,Elf,2003,https://boxd.it/1VyK
2022-09-11,Bronson,2008,https://boxd.it/1GM8
2022-09-11,Hunger,2008,https://boxd.it/1Wso
2022-09-11,The Ring,2002,https://boxd.it/2a70
2022-09-11,Escape Room,2019,https://boxd.it/iYlS
2022-09-11,Collateral,2004,https://boxd.it/28F0
2022-09-11,Cargo,2017,https://boxd.it/f55Y
2022-09-11,Thirteen Lives,2022,https://boxd.it/q7O4
2022-09-11,Neighbors,2014,https://boxd.it/5Txe
2022-09-11,2 Guns,2013,https://boxd.it/4oAk
2022-09-11,Office Christmas Party,2016,https://boxd.it/dpj8
2022-09-11,The Amazing Spider-Man 2,2014,https://boxd.it/3utM
2022-09-11,Goal!,2005,https://boxd.it/1XRY
2022-09-11,Scary Movie,2000,https://boxd.it/24CG
2022-09-11,Fatale,2020,https://boxd.it/k4wu
2022-09-11,The Hunt,2020,https://boxd.it/iE9i
2022-09-11,Paranormal Activity 2,2010,https://boxd.it/ZnO
2022-09-11,An American Pickle,2020,https://boxd.it/niWi
2022-09-11,Spenser Confidential,2020,https://boxd.it/log4
2022-09-11,Paranormal Activity 4,2012,https://boxd.it/2UGq
2022-09-11,The Watch,2012,https://boxd.it/2MZk
2022-09-11,The Purge,2013,https://boxd.it/4Xg0
2022-09-11,Scary Movie 3,2003,https://boxd.it/24Be
2022-09-11,The Dead Don't Die,2019,https://boxd.it/juZg
2022-09-11,Now You See Me,2013,https://boxd.it/2Bsu
2022-09-11,Friday,1995,https://boxd.it/1VLO
2022-09-11,The Sadness,2021,https://boxd.it/tcHe
2022-09-11,Body Cam,2020,https://boxd.it/iAdK
2022-09-11,The Matrix Resurrections,2021,https://boxd.it/n87k
2022-09-11,Countdown,2019,https://boxd.it/m83K
2022-09-11,Crank: High Voltage,2009,https://boxd.it/1MPs
2022-09-11,The Cabin in the Woods,2011,https://boxd.it/1zOc
2022-09-11,The Inbetweeners Movie,2011,https://boxd.it/2v50
2022-09-11,The Day After Tomorrow,2004,https://boxd.it/2aog
2022-09-11,Obsessed,2009,https://boxd.it/1IOU
2022-09-11,Blood Red Sky,2021,https://boxd.it/sArW
2022-09-11,Black Widow,2021,https://boxd.it/hWV8
2022-09-11,Between Two Ferns: The Movie,2019,https://boxd.it/lw9g
2022-09-11,The Fast and the Furious,2001,https://boxd.it/1XMu
2022-09-11,Step Brothers,2008,https://boxd.it/1SsE
2022-09-11,Paranormal Activity 3,2011,https://boxd.it/2o4O
2022-09-11,Fast & Furious 6,2013,https://boxd.it/2UG6
2022-09-11,Godzilla vs. Kong,2021,https://boxd.it/e0qK
2022-09-11,Grimsby,2016,https://boxd.it/7ZkO
2022-09-11,The Big Short,2015,https://boxd.it/ajZw
2022-09-11,Little Fockers,2010,https://boxd.it/13Ea
2022-09-11,Rango,2011,https://boxd.it/QPk
2022-09-11,Would You Rather,2012,https://boxd.it/3m0W
2022-09-11,True Story,2015,https://boxd.it/7dmC
2022-09-11,Austin Powers: The Spy Who Shagged Me,1999,https://boxd.it/29xQ
2022-09-11,Frozen II,2019,https://boxd.it/aPvo
2022-09-11,Cam,2018,https://boxd.it/iWvG
2022-09-11,No Good Deed,2014,https://boxd.it/4p6q
2022-09-11,Mission: Impossible – Ghost Protocol,2011,https://boxd.it/psI
2022-09-11,Love & Other Drugs,2010,https://boxd.it/UIi
2022-09-11,The Fault in Our Stars,2014,https://boxd.it/6BQa
2022-09-11,Charlie and the Chocolate Factory,2005,https://boxd.it/2b68
2022-09-11,Hancock,2008,https://boxd.it/1Zv6
2022-09-11,Polaroid,2019,https://boxd.it/fhlu
2022-09-11,Adrift,2018,https://boxd.it/fdiG
2022-09-11,DodgeBall: A True Underdog Story,2004,https://boxd.it/1YAY
2022-09-11,The Many Adventures of Winnie the Pooh,1977,https://boxd.it/7l0Y
2022-09-11,What If,2013,https://boxd.it/6ljk
2022-09-11,Twilight,2008,https://boxd.it/1Zui
2022-09-11,Prom Night,1980,https://boxd.it/1aeS
2022-09-11,Ma,2019,https://boxd.it/i8Wi
2022-09-11,Host,2020,https://boxd.it/r5O4
2022-09-11,The Meg,2018,https://boxd.it/bAL4
2022-09-11,Foxcatcher,2014,https://boxd.it/35Di
2022-09-11,Death to 2021,2021,https://boxd.it/yj28
2022-09-11,Over the Hedge,2006,https://boxd.it/20QY
2022-09-11,Scary Movie 2,2001,https://boxd.it/24Cw
2022-09-11,Divergent,2014,https://boxd.it/4VT0
2022-09-11,Beneath,2013,https://boxd.it/5MMQ
2022-09-11,Jumanji: The Next Level,2019,https://boxd.it/ixu4
2022-09-11,The Descent,2005,https://boxd.it/1YNy
2022-09-11,The BFG,2016,https://boxd.it/81cs
2022-09-11,Underwater,2020,https://boxd.it/fN4q
2022-09-11,The Midnight Meat Train,2008,https://boxd.it/1WSw
